<?xml version="1.0" encoding="utf-8"?>
<annotations>
  <version>1.1</version>
  <meta>
    <task>
      <id>7</id>
      <name>bagsss</name>
      <size>1</size>
      <mode>annotation</mode>
      <overlap>0</overlap>
      <bugtracker></bugtracker>
      <created>2020-09-10 07:56:37.306804+00:00</created>
      <updated>2020-09-10 07:58:57.614953+00:00</updated>
      <start_frame>0</start_frame>
      <stop_frame>0</stop_frame>
      <frame_filter></frame_filter>
      <z_order>False</z_order>
      <labels>
        <label>
          <name>bag</name>
          <color>#b4b8e1</color>
          <attributes>
          </attributes>
        </label>
      </labels>
      <segments>
        <segment>
          <id>7</id>
          <start>0</start>
          <stop>0</stop>
          <url>httplocalhost:8080/?id=7</url>
        </segment>
      </segments>
      <owner>
        <username>admin</username>
        <email>admin@admin.com</email>
      </owner>
      <assignee></assignee>
    </task>
    <dumped>2020-09-10 07:59:18.799724+00:00</dumped>
  </meta>
  <image id="0" name="bag_01.jpg" width="720" height="758">
    <box label="bag" occluded="0" source="manual" xtl="99.30" ytl="94.32" xbr="605.52" ybr="691.29">
    </box>
    <box label="bag" occluded="0" source="manual" xtl="445.38" ytl="266.92" xbr="642.89" ybr="437.73">
    </box>
    <box label="bag" occluded="0" source="manual" xtl="71.72" ytl="50.73" xbr="330.62" ybr="322.08">
    </box>
  </image>
</annotations>